{"cameraMode":{"drawMode":0,"name":"Shaded","section":"Shading Mode"},"sceneLighting":true,"audioPlay":false,"sceneViewState":{"showFog":true,"showMaterialUpdate":false,"showSkybox":true,"showFlares":true,"showImageEffects":true,"showParticleSystems":true},"in2DMode":false,"pivot":{"x":1.394314169883728,"y":15.203189849853516,"z":20.472919464111329},"rotation":{"x":0.015656663104891778,"y":0.9639092087745667,"z":-0.25932273268699648,"w":0.058195337653160098},"size":5.763043403625488,"orthographic":false}