{"cameraMode":{"drawMode":0,"name":"Shaded","section":"Shading Mode"},"sceneLighting":true,"audioPlay":false,"sceneViewState":{"showFog":true,"showMaterialUpdate":false,"showSkybox":true,"showFlares":true,"showImageEffects":true,"showParticleSystems":true},"in2DMode":false,"pivot":{"x":-5.6499457359313969,"y":-0.177490234375,"z":-3.4100418090820314},"rotation":{"x":0.002155331429094076,"y":-0.8934115767478943,"z":0.44922149181365969,"w":0.004284507129341364},"size":38.21436309814453,"orthographic":false}